{
  "name": "onnx",
  "total_requests": 300,
  "successful_requests": 300,
  "failed_requests": 0,
  "total_time_s": 2.723196899984032,
  "throughput_rps": 110.1646377468185,
  "latency_mean_ms": 146.70690932931998,
  "latency_p50_ms": 71.45680021494627,
  "latency_p95_ms": 559.1341997496784,
  "latency_p99_ms": 782.618600409478,
  "cpu_percent_mean": null,
  "memory_mb_mean": null
}